# GATE2-V2 Stage-0 code-path digest inventory	HEAD=9429ab92e7831565606d718af47073ad996a1d01
spike/t111/label_prep.py	sha256:53c83c4e4e5ca3370b52d3dd42a2fa125ecbafdeba09ae396dac1d72e6015d07
spike/t111/label_prep_g34.py	sha256:4eadbfc71f762a8d4443e634b1a7a77db0dd547616d6224bc5a94dc0996c075a
spike/t111/gate34_common.py	sha256:1e837da18b761fe1dd56e68322cc154124da704074295315325cd7647a89fb88
spike/t111/label_adjudication.py	sha256:be1724b08b79e6877167dd3ebf99630a90cc18781e2aa83bb92e58fac42cf231
spike/t111/label_protocol.py	sha256:bcafdee6cab0b4ddd98ddbd56896546a47abe2c164be955ace28542686f329ee
spike/t111/reviewer_kits.py	sha256:64289ec04c295a939d62ae5770323aba134c04498bb72df45a0d2178e17c2ab7
spike/t111/score.py	sha256:a1a04f51dee7d2044bd3433dadc2ef53f74519135f76e478810b1bc9366dece4
spike/t111/estimator.py	sha256:9e73c6ddbff4565a2d8c251c4d6b8425306ff5ab27abcfc61ca61a8a72910ad2
spike/t111/main.go	sha256:8f85683176b763c04113771226b433359428774740969524c38df754cba3fc2b
spike/t111/module_cache.go	sha256:1342aaa664349f4f7e7fa6b6db72d03e647c225fc0fd448f7342bf393e98c6a4
spike/t111/corpus.lock.json	sha256:a0fe717d168dc1a857720dd9bfb5957e50dd9e6944470f7d17ec4671b550027b
spike/t111/labeling/GATE2-V2.md	sha256:f9d7eb8682c9d9284c5d6418f458835c6df43530222d00d4450a87765d18ca65
spike/t111/labeling/gate2-v2/stage0/carry_forward.py	sha256:2bb3278fc086b8ce17dcb818959bdac63949112420622426499085882f58c589
spike/t111/labeling/gate2-v2/stage0/power_advisory.py	sha256:8f59dd8e2256419a299fb61992e912b29582a7d946ffc909572ce674ea9d66c2
spike/t111/labeling/gate2-v2/stage0/snapshot-query.graphql	sha256:8e9f76872c955e0bad76dfde432e846fbc7c340dfd23bba7a67fda14a55d897b
spike/t111/labeling/gate2-v2/stage0/snapshot-constants.json	sha256:5908318e1c1b25d59bf0d78f5b4027b50bb52e28d4ff0f529486c75d4380dc76
